object_name,current_location,source_script,currently_used,candidate_for_main_text,candidate_for_appendix,candidate_to_add,candidate_to_cut,strengthens_acceptance_case,notes
fig_temporal_holdout_roc.pdf,output/temporal_holdout/,17_temporal_holdout_roc.R,no,yes (§6 or §9.3),yes (App C),YES,no,HIGH,"Actual ROC curves for in-sample vs holdout; visual evidence stronger than current binscatter; addresses OBS-7 by giving discrimination-led narrative its own image"
auc_decomposition.csv,output/auc_decomposition/,20_auc_decomposition.R,no,no,yes (App E),YES,no,HIGH,"Marginal-AUC contribution per feature; tenders_count delivers 0.939 alone with no improvement from bid features; supports screening-value reading"
mde_summary.csv + fig_mde.pdf,output/mde_calculations/,23_mde_calculations.R,no,no,yes (App C or G),YES,no,HIGH,"Power analysis showing RDD MDE 4.76pp vs observed 0.5pp; pre-empts R2 attack on null designs; addresses OBS-3 honesty"
auc_cutoff_sweep.csv,output/horse_race/,22_continuous_vs_binary.R,no,no,yes (App B),YES,no,MEDIUM,"AUC at FL cutoffs from 5 to 25; shows discrimination is not knife-edge; threshold robustness"
fig_horse_race.pdf,output/horse_race/,22_continuous_vs_binary.R,no,no,yes (App B),OPTIONAL,no,MEDIUM,"Visual companion to tab_horse_race_v14"
tab_predictions_findings.tex,work/v13/output/tables/,manual + scripts 31-46,no,yes (§3 or App A),yes,OPTIONAL,no,MEDIUM,"Theory-empirics bridge mapping framework propositions to empirical findings"
tab_stratum_scope.tex,work/v13/output/tables/,48_stratum_scope_reframe.R,no,no,yes (§6.2 supporting),OPTIONAL,no,LOW-MEDIUM,"Could supplement sign-reversal discussion but adds noise; only if R2 asks"
tab_imhof_full.tex,work/v13/output/tables/,31_imhof_full_pipeline.R,YES (§10),YES,no,no,no,HIGH,"Already in main; supports architectural claim; cell-bound to macros"
tab_imhof_incremental.tex,work/v13/output/tables/,49_imhof_incremental_value.R,YES (App E),no,YES,no,no,MEDIUM,"Already in App E; +0.035 same-sample DeLong p=0.014; could be promoted if architectural claim becomes contested"
tab_leakage_audit.tex,work/v13/output/tables/,40_leakage_audit_d3.R,YES (App C),YES (promote to §6 or §9.2),YES,no,no,HIGH,"Currently in App C; addresses OBS-2 (tautology disclosure); promote and expand discussion"
tab_oster_delta.tex,work/v13/output/tables/,02_analysis.R + 05_robustness.R,YES (App C),no,YES,no,no,MEDIUM,"Sensitivity bounds; supports OBS-1 partial fix"
tab_cade_permutation.tex,work/v13/output/tables/,25_sham_fl_permutation.R,YES (App C),no,YES,no,no,MEDIUM,"Permutation null distribution; supports §6.2 conservative benchmark"
tab_threshold_robustness.tex,work/v13/output/tables/,05_robustness.R + 54_threshold_table_q3iqr.R,YES (App B),no,YES,no,no,LOW,"Standard robustness; no acceptance leverage but expected"
tab_external_validity_scope.tex,work/v13/output/tables/,52_external_validity_scope.R,YES (App E),no,YES,no,no,MEDIUM,"Cross-sector portability; pre-empts external-validity critique"
tab_adversarial_adaptation.tex,work/v13/output/tables/,55_adversarial_adaptation.R,YES (App F),no,YES,no,no,MEDIUM,"Adversarial honesty; defensible but not acceptance-moving"
tab_did_revised.tex + tab_stacked_did.tex,work/v13/output/tables/,06_did_temporal.R + 14_did_decreto_2018.R,YES (App G),no,YES,no,no,LOW,"Failed DiD disclosure; transparency value, not acceptance value"
tab_bajari_ye.tex,work/v13/output/tables/,02_analysis.R + legacy,no,no,no,no,YES,NEGATIVE,"Old framework; conflicts with current narrative; DROP"
tab_bajari_ye_firststage.tex,work/v13/output/tables/,legacy,no,no,no,no,YES,NEGATIVE,"Same family; DROP"
tab_bajari_ye_placebo.tex,work/v13/output/tables/,legacy,no,no,no,no,YES,NEGATIVE,"Same family; DROP"
tab_bajari_ye_tender_fe.tex,work/v13/output/tables/,legacy,no,no,no,no,YES,NEGATIVE,"Same family; DROP"
tab_iv_main.tex + tab_iv_main_panelc.tex,work/v13/output/tables/,legacy,no,no,no,no,YES,NEGATIVE,"Old IV framework; current paper uses leave-one-out IV only as diagnostic; DROP"
tab_iv_first_stage.tex + tab_iv_balance.tex,work/v13/output/tables/,legacy,no,no,no,no,YES,NEGATIVE,"Same family; DROP"
tab_iv_network_split.tex + tab_network_interactions.tex + tab_network_split.tex,work/v13/output/tables/,19_network_heterogeneity_2d.R,no,no,no,no,YES,NEGATIVE,"Network angle not in JLEO framing; DROP"
tab_dyadic_permutation.tex,work/v13/output/tables/,legacy,no,no,no,no,YES,NEGATIVE,"Superseded by tab_cade_permutation; DROP"
tab_cox_survival.tex,work/v13/output/tables/,legacy,no,no,no,no,YES,NEGATIVE,"Survival angle not used; DROP"
tab_homogeneous_cv.tex + tab_homogeneous_subsample.tex,work/v13/output/tables/,22_continuous_vs_binary.R,no,no,no,no,YES,NEGATIVE,"Overlap with tab_imhof_full message; DROP"
tab_mechanisms.tex + tab_unified_mechanism.tex,work/v13/output/tables/,35_unified_mechanism.R,no,no,no,no,YES,NEGATIVE,"Older mechanism summary; superseded; DROP"
tab_robustness_summary_inline.tex,work/v13/output/tables/,legacy,no,no,no,no,YES,NEGATIVE,"Superseded by individual robustness tables; DROP"
tab_welfare_bounds.tex + fig_09_welfare_markup.pdf + fig_welfare_heatmap.pdf,work/v13/output/,45_legacy_m1m3_perm_welfare.R,no,no,no,no,YES,NEGATIVE,"Welfare/markup angle incompatible with JLEO frame; DROP"
fig_temporal_holdout_roc.pdf companion,output/temporal_holdout/,17_temporal_holdout_roc.R,no,YES,no,YES,no,HIGH,"Listed twice for emphasis - this is the highest-marginal-value unused figure"
auc_subsample.csv,output/auc_by_subsample/,26_auc_by_subsample.R,no,no,yes (App E),OPTIONAL,no,LOW-MEDIUM,"AUC stratified by subsample dimensions; could complement detection-regime gradient"
falsification_results.csv,output/falsification_pregao/,46_falsification_pregao_only.R,YES (in tab_falsification_modal),no,no,no,no,HIGH,"Already used; data anchors §7.1 modal contrast"
event_study_coefs.csv,output/did_decreto_2018/,14_did_decreto_2018.R,YES (in tab_did_revised),no,no,no,no,LOW,"Failed DiD coefs; transparency only"
horse_race_summary.csv,output/horse_race/,22_continuous_vs_binary.R,YES (in tab_horse_race_v14),no,no,no,no,HIGH,"Already used"
gate_d1/d2/d3/d4 outputs,output/gate_*/,36-39_gate_*.R,no,no,yes (App I optional),OPTIONAL,no,LOW,"Decision gates from JLEO/JLE pivot; transparency only"
v8_legacy_audit/v8_run_summary.csv,output/v8_legacy_audit/,16_run_v8_legacy.R,no,no,no,no,YES,NEGATIVE,"Legacy v8 reproducibility audit; DROP from inventory"
strict_prospective_summary.csv,output/strict_prospective/,27_strict_prospective_holdout.R,no,no,yes (App C),OPTIONAL,no,LOW-MEDIUM,"Strict prospective holdout; could supplement §6.3"
cartelist_evasion.csv,output/continuous_vs_binary/,22_continuous_vs_binary.R,no,no,yes (App F adversarial),OPTIONAL,no,LOW-MEDIUM,"Cartelist-evasion strategies analyzed independently"
